"GYLDIGE STEMMER I ALT","København",307190
"GYLDIGE STEMMER I ALT","Frederiksberg",61100
"GYLDIGE STEMMER I ALT","Dragør",8386
"GYLDIGE STEMMER I ALT","Tårnby",20512
"GYLDIGE STEMMER I ALT","Albertslund",12964
"GYLDIGE STEMMER I ALT","Ballerup",24886
"GYLDIGE STEMMER I ALT","Brøndby",15149
"GYLDIGE STEMMER I ALT","Gentofte",39799
"GYLDIGE STEMMER I ALT","Gladsaxe",32277
"GYLDIGE STEMMER I ALT","Glostrup",10927
"GYLDIGE STEMMER I ALT","Herlev",13859
"GYLDIGE STEMMER I ALT","Hvidovre",24479
"GYLDIGE STEMMER I ALT","Høje-Taastrup",23568
"GYLDIGE STEMMER I ALT","Ishøj",9832
"GYLDIGE STEMMER I ALT","Lyngby-Taarbæk",30797
"GYLDIGE STEMMER I ALT","Rødovre",18756
"GYLDIGE STEMMER I ALT","Vallensbæk",8019
"GYLDIGE STEMMER I ALT","Allerød",15184
"GYLDIGE STEMMER I ALT","Egedal",23831
"GYLDIGE STEMMER I ALT","Fredensborg",22131
"GYLDIGE STEMMER I ALT","Frederikssund",24927
"GYLDIGE STEMMER I ALT","Furesø",22903
"GYLDIGE STEMMER I ALT","Gribskov",22914
"GYLDIGE STEMMER I ALT","Halsnæs",16750
"GYLDIGE STEMMER I ALT","Helsingør",34179
"GYLDIGE STEMMER I ALT","Hillerød",28321
"GYLDIGE STEMMER I ALT","Hørsholm",14521
"GYLDIGE STEMMER I ALT","Rudersdal",31959
"GYLDIGE STEMMER I ALT","Bornholm",23494
"GYLDIGE STEMMER I ALT","Christiansø",0
"GYLDIGE STEMMER I ALT","Greve",25397
"GYLDIGE STEMMER I ALT","Køge",32839
"GYLDIGE STEMMER I ALT","Lejre",16185
"GYLDIGE STEMMER I ALT","Roskilde",48414
"GYLDIGE STEMMER I ALT","Solrød",13049
"GYLDIGE STEMMER I ALT","Faxe",18912
"GYLDIGE STEMMER I ALT","Guldborgsund",33033
"GYLDIGE STEMMER I ALT","Holbæk",39984
"GYLDIGE STEMMER I ALT","Kalundborg",25110
"GYLDIGE STEMMER I ALT","Lolland",20820
"GYLDIGE STEMMER I ALT","Næstved",43251
"GYLDIGE STEMMER I ALT","Odsherred",18446
"GYLDIGE STEMMER I ALT","Ringsted",17935
"GYLDIGE STEMMER I ALT","Slagelse",40248
"GYLDIGE STEMMER I ALT","Sorø",15524
"GYLDIGE STEMMER I ALT","Stevns",12810
"GYLDIGE STEMMER I ALT","Vordingborg",25087
"GYLDIGE STEMMER I ALT","Assens",22529
"GYLDIGE STEMMER I ALT","Faaborg-Midtfyn",28000
"GYLDIGE STEMMER I ALT","Kerteminde",13879
"GYLDIGE STEMMER I ALT","Langeland",7623
"GYLDIGE STEMMER I ALT","Middelfart",21948
"GYLDIGE STEMMER I ALT","Nordfyns",16107
"GYLDIGE STEMMER I ALT","Nyborg",18797
"GYLDIGE STEMMER I ALT","Odense",106884
"GYLDIGE STEMMER I ALT","Svendborg",33144
"GYLDIGE STEMMER I ALT","Ærø",3981
"GYLDIGE STEMMER I ALT","Billund",13942
"GYLDIGE STEMMER I ALT","Esbjerg",58129
"GYLDIGE STEMMER I ALT","Fanø",2301
"GYLDIGE STEMMER I ALT","Fredericia",26002
"GYLDIGE STEMMER I ALT","Haderslev",29819
"GYLDIGE STEMMER I ALT","Kolding",49795
"GYLDIGE STEMMER I ALT","Sønderborg",40327
"GYLDIGE STEMMER I ALT","Tønder",20355
"GYLDIGE STEMMER I ALT","Varde",26474
"GYLDIGE STEMMER I ALT","Vejen",22400
"GYLDIGE STEMMER I ALT","Vejle",61027
"GYLDIGE STEMMER I ALT","Aabenraa",30655
"GYLDIGE STEMMER I ALT","Favrskov",26629
"GYLDIGE STEMMER I ALT","Hedensted",25413
"GYLDIGE STEMMER I ALT","Horsens",46309
"GYLDIGE STEMMER I ALT","Norddjurs",19868
"GYLDIGE STEMMER I ALT","Odder",13522
"GYLDIGE STEMMER I ALT","Randers",50175
"GYLDIGE STEMMER I ALT","Samsø",2568
"GYLDIGE STEMMER I ALT","Silkeborg",54350
"GYLDIGE STEMMER I ALT","Skanderborg",34997
"GYLDIGE STEMMER I ALT","Syddjurs",24426
"GYLDIGE STEMMER I ALT","Aarhus",192403
"GYLDIGE STEMMER I ALT","Herning",47624
"GYLDIGE STEMMER I ALT","Holstebro",32634
"GYLDIGE STEMMER I ALT","Ikast-Brande",21331
"GYLDIGE STEMMER I ALT","Lemvig",11485
"GYLDIGE STEMMER I ALT","Ringkøbing-Skjern",30635
"GYLDIGE STEMMER I ALT","Skive",25525
"GYLDIGE STEMMER I ALT","Struer",12002
"GYLDIGE STEMMER I ALT","Viborg",52337
"GYLDIGE STEMMER I ALT","Brønderslev",19556
"GYLDIGE STEMMER I ALT","Frederikshavn",32670
"GYLDIGE STEMMER I ALT","Hjørring",35354
"GYLDIGE STEMMER I ALT","Jammerbugt",21703
"GYLDIGE STEMMER I ALT","Læsø",1212
"GYLDIGE STEMMER I ALT","Mariagerfjord",22385
"GYLDIGE STEMMER I ALT","Morsø",11767
"GYLDIGE STEMMER I ALT","Rebild",17363
"GYLDIGE STEMMER I ALT","Thisted",23698
"GYLDIGE STEMMER I ALT","Vesthimmerlands",19216
"GYLDIGE STEMMER I ALT","Aalborg",114284
"A. Socialdemokratiet","København",52874
"A. Socialdemokratiet","Frederiksberg",10418
"A. Socialdemokratiet","Dragør",1244
"A. Socialdemokratiet","Tårnby",8138
"A. Socialdemokratiet","Albertslund",4417
"A. Socialdemokratiet","Ballerup",12637
"A. Socialdemokratiet","Brøndby",8104
"A. Socialdemokratiet","Gentofte",3461
"A. Socialdemokratiet","Gladsaxe",10633
"A. Socialdemokratiet","Glostrup",3921
"A. Socialdemokratiet","Herlev",6355
"A. Socialdemokratiet","Hvidovre",8535
"A. Socialdemokratiet","Høje-Taastrup",6485
"A. Socialdemokratiet","Ishøj",3713
"A. Socialdemokratiet","Lyngby-Taarbæk",3866
"A. Socialdemokratiet","Rødovre",8539
"A. Socialdemokratiet","Vallensbæk",1669
"A. Socialdemokratiet","Allerød",2428
"A. Socialdemokratiet","Egedal",5481
"A. Socialdemokratiet","Fredensborg",6529
"A. Socialdemokratiet","Frederikssund",7356
"A. Socialdemokratiet","Furesø",8348
"A. Socialdemokratiet","Gribskov",2759
"A. Socialdemokratiet","Halsnæs",7801
"A. Socialdemokratiet","Helsingør",8903
"A. Socialdemokratiet","Hillerød",6981
"A. Socialdemokratiet","Hørsholm",1638
"A. Socialdemokratiet","Rudersdal",3470
"A. Socialdemokratiet","Bornholm",3616
"A. Socialdemokratiet","Christiansø",0
"A. Socialdemokratiet","Greve",6941
"A. Socialdemokratiet","Køge",10429
"A. Socialdemokratiet","Lejre",3489
"A. Socialdemokratiet","Roskilde",13571
"A. Socialdemokratiet","Solrød",2187
"A. Socialdemokratiet","Faxe",5541
"A. Socialdemokratiet","Guldborgsund",9537
"A. Socialdemokratiet","Holbæk",23586
"A. Socialdemokratiet","Kalundborg",6536
"A. Socialdemokratiet","Lolland",8686
"A. Socialdemokratiet","Næstved",17006
"A. Socialdemokratiet","Odsherred",6743
"A. Socialdemokratiet","Ringsted",3761
"A. Socialdemokratiet","Slagelse",11228
"A. Socialdemokratiet","Sorø",4704
"A. Socialdemokratiet","Stevns",3141
"A. Socialdemokratiet","Vordingborg",8921
"A. Socialdemokratiet","Assens",6157
"A. Socialdemokratiet","Faaborg-Midtfyn",10243
"A. Socialdemokratiet","Kerteminde",5075
"A. Socialdemokratiet","Langeland",1043
"A. Socialdemokratiet","Middelfart",8867
"A. Socialdemokratiet","Nordfyns",4520
"A. Socialdemokratiet","Nyborg",5157
"A. Socialdemokratiet","Odense",33458
"A. Socialdemokratiet","Svendborg",11897
"A. Socialdemokratiet","Ærø",853
"A. Socialdemokratiet","Billund",4455
"A. Socialdemokratiet","Esbjerg",15920
"A. Socialdemokratiet","Fanø",190
"A. Socialdemokratiet","Fredericia",9706
"A. Socialdemokratiet","Haderslev",9001
"A. Socialdemokratiet","Kolding",8818
"A. Socialdemokratiet","Sønderborg",17514
"A. Socialdemokratiet","Tønder",3010
"A. Socialdemokratiet","Varde",5461
"A. Socialdemokratiet","Vejen",6290
"A. Socialdemokratiet","Vejle",18342
"A. Socialdemokratiet","Aabenraa",8678
"A. Socialdemokratiet","Favrskov",9478
"A. Socialdemokratiet","Hedensted",8361
"A. Socialdemokratiet","Horsens",17846
"A. Socialdemokratiet","Norddjurs",6240
"A. Socialdemokratiet","Odder",3402
"A. Socialdemokratiet","Randers",17175
"A. Socialdemokratiet","Samsø",829
"A. Socialdemokratiet","Silkeborg",15523
"A. Socialdemokratiet","Skanderborg",10512
"A. Socialdemokratiet","Syddjurs",6160
"A. Socialdemokratiet","Aarhus",55295
"A. Socialdemokratiet","Herning",6942
"A. Socialdemokratiet","Holstebro",12493
"A. Socialdemokratiet","Ikast-Brande",4905
"A. Socialdemokratiet","Lemvig",2282
"A. Socialdemokratiet","Ringkøbing-Skjern",4581
"A. Socialdemokratiet","Skive",7791
"A. Socialdemokratiet","Struer",3788
"A. Socialdemokratiet","Viborg",12210
"A. Socialdemokratiet","Brønderslev",5923
"A. Socialdemokratiet","Frederikshavn",18757
"A. Socialdemokratiet","Hjørring",11207
"A. Socialdemokratiet","Jammerbugt",6198
"A. Socialdemokratiet","Læsø",200
"A. Socialdemokratiet","Mariagerfjord",8241
"A. Socialdemokratiet","Morsø",3473
"A. Socialdemokratiet","Rebild",2506
"A. Socialdemokratiet","Thisted",8249
"A. Socialdemokratiet","Vesthimmerlands",3439
"A. Socialdemokratiet","Aalborg",42149
"B. Radikale Venstre","København",36688
"B. Radikale Venstre","Frederiksberg",5686
"B. Radikale Venstre","Dragør",345
"B. Radikale Venstre","Tårnby",776
"B. Radikale Venstre","Albertslund",1012
"B. Radikale Venstre","Ballerup",1033
"B. Radikale Venstre","Brøndby",800
"B. Radikale Venstre","Gentofte",4114
"B. Radikale Venstre","Gladsaxe",2471
"B. Radikale Venstre","Glostrup",516
"B. Radikale Venstre","Herlev",536
"B. Radikale Venstre","Hvidovre",725
"B. Radikale Venstre","Høje-Taastrup",1018
"B. Radikale Venstre","Ishøj",356
"B. Radikale Venstre","Lyngby-Taarbæk",3159
"B. Radikale Venstre","Rødovre",657
"B. Radikale Venstre","Vallensbæk",195
"B. Radikale Venstre","Allerød",945
"B. Radikale Venstre","Egedal",1092
"B. Radikale Venstre","Fredensborg",2534
"B. Radikale Venstre","Frederikssund",845
"B. Radikale Venstre","Furesø",2130
"B. Radikale Venstre","Gribskov",797
"B. Radikale Venstre","Halsnæs",293
"B. Radikale Venstre","Helsingør",2298
"B. Radikale Venstre","Hillerød",1768
"B. Radikale Venstre","Hørsholm",877
"B. Radikale Venstre","Rudersdal",2472
"B. Radikale Venstre","Bornholm",443
"B. Radikale Venstre","Christiansø",0
"B. Radikale Venstre","Greve",539
"B. Radikale Venstre","Køge",1841
"B. Radikale Venstre","Lejre",629
"B. Radikale Venstre","Roskilde",3313
"B. Radikale Venstre","Solrød",129
"B. Radikale Venstre","Faxe",323
"B. Radikale Venstre","Guldborgsund",588
"B. Radikale Venstre","Holbæk",1739
"B. Radikale Venstre","Kalundborg",865
"B. Radikale Venstre","Lolland",147
"B. Radikale Venstre","Næstved",2421
"B. Radikale Venstre","Odsherred",1163
"B. Radikale Venstre","Ringsted",560
"B. Radikale Venstre","Slagelse",1932
"B. Radikale Venstre","Sorø",458
"B. Radikale Venstre","Stevns",720
"B. Radikale Venstre","Vordingborg",806
"B. Radikale Venstre","Assens",552
"B. Radikale Venstre","Faaborg-Midtfyn",1483
"B. Radikale Venstre","Kerteminde",382
"B. Radikale Venstre","Langeland",357
"B. Radikale Venstre","Middelfart",666
"B. Radikale Venstre","Nordfyns",491
"B. Radikale Venstre","Nyborg",335
"B. Radikale Venstre","Odense",8393
"B. Radikale Venstre","Svendborg",1714
"B. Radikale Venstre","Ærø",118
"B. Radikale Venstre","Billund",222
"B. Radikale Venstre","Esbjerg",2124
"B. Radikale Venstre","Fanø",666
"B. Radikale Venstre","Fredericia",566
"B. Radikale Venstre","Haderslev",1430
"B. Radikale Venstre","Kolding",3185
"B. Radikale Venstre","Sønderborg",417
"B. Radikale Venstre","Tønder",0
"B. Radikale Venstre","Varde",800
"B. Radikale Venstre","Vejen",392
"B. Radikale Venstre","Vejle",1990
"B. Radikale Venstre","Aabenraa",0
"B. Radikale Venstre","Favrskov",1007
"B. Radikale Venstre","Hedensted",348
"B. Radikale Venstre","Horsens",1647
"B. Radikale Venstre","Norddjurs",528
"B. Radikale Venstre","Odder",1156
"B. Radikale Venstre","Randers",1537
"B. Radikale Venstre","Samsø",0
"B. Radikale Venstre","Silkeborg",2892
"B. Radikale Venstre","Skanderborg",2642
"B. Radikale Venstre","Syddjurs",1174
"B. Radikale Venstre","Aarhus",17761
"B. Radikale Venstre","Herning",2838
"B. Radikale Venstre","Holstebro",2408
"B. Radikale Venstre","Ikast-Brande",0
"B. Radikale Venstre","Lemvig",398
"B. Radikale Venstre","Ringkøbing-Skjern",267
"B. Radikale Venstre","Skive",583
"B. Radikale Venstre","Struer",592
"B. Radikale Venstre","Viborg",868
"B. Radikale Venstre","Brønderslev",238
"B. Radikale Venstre","Frederikshavn",0
"B. Radikale Venstre","Hjørring",1072
"B. Radikale Venstre","Jammerbugt",148
"B. Radikale Venstre","Læsø",0
"B. Radikale Venstre","Mariagerfjord",478
"B. Radikale Venstre","Morsø",433
"B. Radikale Venstre","Rebild",1545
"B. Radikale Venstre","Thisted",481
"B. Radikale Venstre","Vesthimmerlands",388
"B. Radikale Venstre","Aalborg",8055
"C. Det Konservative Folkeparti","København",40172
"C. Det Konservative Folkeparti","Frederiksberg",24607
"C. Det Konservative Folkeparti","Dragør",2874
"C. Det Konservative Folkeparti","Tårnby",1942
"C. Det Konservative Folkeparti","Albertslund",1744
"C. Det Konservative Folkeparti","Ballerup",3099
"C. Det Konservative Folkeparti","Brøndby",1146
"C. Det Konservative Folkeparti","Gentofte",22700
"C. Det Konservative Folkeparti","Gladsaxe",3763
"C. Det Konservative Folkeparti","Glostrup",1029
"C. Det Konservative Folkeparti","Herlev",2655
"C. Det Konservative Folkeparti","Hvidovre",4010
"C. Det Konservative Folkeparti","Høje-Taastrup",10509
"C. Det Konservative Folkeparti","Ishøj",617
"C. Det Konservative Folkeparti","Lyngby-Taarbæk",14169
"C. Det Konservative Folkeparti","Rødovre",3732
"C. Det Konservative Folkeparti","Vallensbæk",4321
"C. Det Konservative Folkeparti","Allerød",4626
"C. Det Konservative Folkeparti","Egedal",3019
"C. Det Konservative Folkeparti","Fredensborg",4860
"C. Det Konservative Folkeparti","Frederikssund",2281
"C. Det Konservative Folkeparti","Furesø",5491
"C. Det Konservative Folkeparti","Gribskov",5220
"C. Det Konservative Folkeparti","Halsnæs",1049
"C. Det Konservative Folkeparti","Helsingør",11875
"C. Det Konservative Folkeparti","Hillerød",4503
"C. Det Konservative Folkeparti","Hørsholm",5357
"C. Det Konservative Folkeparti","Rudersdal",10574
"C. Det Konservative Folkeparti","Bornholm",2896
"C. Det Konservative Folkeparti","Christiansø",0
"C. Det Konservative Folkeparti","Greve",3055
"C. Det Konservative Folkeparti","Køge",5508
"C. Det Konservative Folkeparti","Lejre",2202
"C. Det Konservative Folkeparti","Roskilde",7563
"C. Det Konservative Folkeparti","Solrød",1473
"C. Det Konservative Folkeparti","Faxe",1306
"C. Det Konservative Folkeparti","Guldborgsund",2069
"C. Det Konservative Folkeparti","Holbæk",2274
"C. Det Konservative Folkeparti","Kalundborg",1221
"C. Det Konservative Folkeparti","Lolland",966
"C. Det Konservative Folkeparti","Næstved",6665
"C. Det Konservative Folkeparti","Odsherred",981
"C. Det Konservative Folkeparti","Ringsted",4487
"C. Det Konservative Folkeparti","Slagelse",3566
"C. Det Konservative Folkeparti","Sorø",4591
"C. Det Konservative Folkeparti","Stevns",1741
"C. Det Konservative Folkeparti","Vordingborg",2790
"C. Det Konservative Folkeparti","Assens",1789
"C. Det Konservative Folkeparti","Faaborg-Midtfyn",3458
"C. Det Konservative Folkeparti","Kerteminde",4616
"C. Det Konservative Folkeparti","Langeland",768
"C. Det Konservative Folkeparti","Middelfart",1597
"C. Det Konservative Folkeparti","Nordfyns",1289
"C. Det Konservative Folkeparti","Nyborg",627
"C. Det Konservative Folkeparti","Odense",19742
"C. Det Konservative Folkeparti","Svendborg",3134
"C. Det Konservative Folkeparti","Ærø",550
"C. Det Konservative Folkeparti","Billund",1351
"C. Det Konservative Folkeparti","Esbjerg",4707
"C. Det Konservative Folkeparti","Fanø",496
"C. Det Konservative Folkeparti","Fredericia",2514
"C. Det Konservative Folkeparti","Haderslev",3877
"C. Det Konservative Folkeparti","Kolding",5243
"C. Det Konservative Folkeparti","Sønderborg",1051
"C. Det Konservative Folkeparti","Tønder",1115
"C. Det Konservative Folkeparti","Varde",4325
"C. Det Konservative Folkeparti","Vejen",5229
"C. Det Konservative Folkeparti","Vejle",6696
"C. Det Konservative Folkeparti","Aabenraa",3544
"C. Det Konservative Folkeparti","Favrskov",5653
"C. Det Konservative Folkeparti","Hedensted",1454
"C. Det Konservative Folkeparti","Horsens",4673
"C. Det Konservative Folkeparti","Norddjurs",2766
"C. Det Konservative Folkeparti","Odder",1825
"C. Det Konservative Folkeparti","Randers",5580
"C. Det Konservative Folkeparti","Samsø",595
"C. Det Konservative Folkeparti","Silkeborg",7671
"C. Det Konservative Folkeparti","Skanderborg",4458
"C. Det Konservative Folkeparti","Syddjurs",4010
"C. Det Konservative Folkeparti","Aarhus",28077
"C. Det Konservative Folkeparti","Herning",2162
"C. Det Konservative Folkeparti","Holstebro",2139
"C. Det Konservative Folkeparti","Ikast-Brande",4186
"C. Det Konservative Folkeparti","Lemvig",1549
"C. Det Konservative Folkeparti","Ringkøbing-Skjern",3043
"C. Det Konservative Folkeparti","Skive",1137
"C. Det Konservative Folkeparti","Struer",1052
"C. Det Konservative Folkeparti","Viborg",11763
"C. Det Konservative Folkeparti","Brønderslev",1534
"C. Det Konservative Folkeparti","Frederikshavn",2287
"C. Det Konservative Folkeparti","Hjørring",7243
"C. Det Konservative Folkeparti","Jammerbugt",1211
"C. Det Konservative Folkeparti","Læsø",290
"C. Det Konservative Folkeparti","Mariagerfjord",2577
"C. Det Konservative Folkeparti","Morsø",626
"C. Det Konservative Folkeparti","Rebild",3821
"C. Det Konservative Folkeparti","Thisted",5005
"C. Det Konservative Folkeparti","Vesthimmerlands",4585
"C. Det Konservative Folkeparti","Aalborg",12709
"D. Nye Borgerlige","København",6455
"D. Nye Borgerlige","Frederiksberg",484
"D. Nye Borgerlige","Dragør",172
"D. Nye Borgerlige","Tårnby",943
"D. Nye Borgerlige","Albertslund",371
"D. Nye Borgerlige","Ballerup",799
"D. Nye Borgerlige","Brøndby",715
"D. Nye Borgerlige","Gentofte",873
"D. Nye Borgerlige","Gladsaxe",1010
"D. Nye Borgerlige","Glostrup",269
"D. Nye Borgerlige","Herlev",349
"D. Nye Borgerlige","Hvidovre",866
"D. Nye Borgerlige","Høje-Taastrup",671
"D. Nye Borgerlige","Ishøj",327
"D. Nye Borgerlige","Lyngby-Taarbæk",853
"D. Nye Borgerlige","Rødovre",634
"D. Nye Borgerlige","Vallensbæk",202
"D. Nye Borgerlige","Allerød",445
"D. Nye Borgerlige","Egedal",747
"D. Nye Borgerlige","Fredensborg",1024
"D. Nye Borgerlige","Frederikssund",1249
"D. Nye Borgerlige","Furesø",535
"D. Nye Borgerlige","Gribskov",1469
"D. Nye Borgerlige","Halsnæs",609
"D. Nye Borgerlige","Helsingør",2149
"D. Nye Borgerlige","Hillerød",1345
"D. Nye Borgerlige","Hørsholm",413
"D. Nye Borgerlige","Rudersdal",856
"D. Nye Borgerlige","Bornholm",399
"D. Nye Borgerlige","Christiansø",0
"D. Nye Borgerlige","Greve",974
"D. Nye Borgerlige","Køge",1305
"D. Nye Borgerlige","Lejre",523
"D. Nye Borgerlige","Roskilde",1411
"D. Nye Borgerlige","Solrød",449
"D. Nye Borgerlige","Faxe",982
"D. Nye Borgerlige","Guldborgsund",1391
"D. Nye Borgerlige","Holbæk",1221
"D. Nye Borgerlige","Kalundborg",2097
"D. Nye Borgerlige","Lolland",672
"D. Nye Borgerlige","Næstved",2938
"D. Nye Borgerlige","Odsherred",1035
"D. Nye Borgerlige","Ringsted",770
"D. Nye Borgerlige","Slagelse",2814
"D. Nye Borgerlige","Sorø",798
"D. Nye Borgerlige","Stevns",452
"D. Nye Borgerlige","Vordingborg",1064
"D. Nye Borgerlige","Assens",889
"D. Nye Borgerlige","Faaborg-Midtfyn",961
"D. Nye Borgerlige","Kerteminde",593
"D. Nye Borgerlige","Langeland",212
"D. Nye Borgerlige","Middelfart",894
"D. Nye Borgerlige","Nordfyns",507
"D. Nye Borgerlige","Nyborg",383
"D. Nye Borgerlige","Odense",3340
"D. Nye Borgerlige","Svendborg",899
"D. Nye Borgerlige","Ærø",0
"D. Nye Borgerlige","Billund",322
"D. Nye Borgerlige","Esbjerg",2549
"D. Nye Borgerlige","Fanø",0
"D. Nye Borgerlige","Fredericia",1570
"D. Nye Borgerlige","Haderslev",1690
"D. Nye Borgerlige","Kolding",1450
"D. Nye Borgerlige","Sønderborg",2007
"D. Nye Borgerlige","Tønder",747
"D. Nye Borgerlige","Varde",1220
"D. Nye Borgerlige","Vejen",1019
"D. Nye Borgerlige","Vejle",2420
"D. Nye Borgerlige","Aabenraa",2045
"D. Nye Borgerlige","Favrskov",942
"D. Nye Borgerlige","Hedensted",1060
"D. Nye Borgerlige","Horsens",1488
"D. Nye Borgerlige","Norddjurs",1034
"D. Nye Borgerlige","Odder",364
"D. Nye Borgerlige","Randers",1881
"D. Nye Borgerlige","Samsø",0
"D. Nye Borgerlige","Silkeborg",2225
"D. Nye Borgerlige","Skanderborg",1299
"D. Nye Borgerlige","Syddjurs",1105
"D. Nye Borgerlige","Aarhus",6174
"D. Nye Borgerlige","Herning",1102
"D. Nye Borgerlige","Holstebro",933
"D. Nye Borgerlige","Ikast-Brande",692
"D. Nye Borgerlige","Lemvig",447
"D. Nye Borgerlige","Ringkøbing-Skjern",1188
"D. Nye Borgerlige","Skive",1058
"D. Nye Borgerlige","Struer",442
"D. Nye Borgerlige","Viborg",1252
"D. Nye Borgerlige","Brønderslev",675
"D. Nye Borgerlige","Frederikshavn",1634
"D. Nye Borgerlige","Hjørring",1337
"D. Nye Borgerlige","Jammerbugt",920
"D. Nye Borgerlige","Læsø",57
"D. Nye Borgerlige","Mariagerfjord",757
"D. Nye Borgerlige","Morsø",168
"D. Nye Borgerlige","Rebild",619
"D. Nye Borgerlige","Thisted",801
"D. Nye Borgerlige","Vesthimmerlands",651
"D. Nye Borgerlige","Aalborg",4064
"F. SF - Socialistisk Folkeparti","København",33824
"F. SF - Socialistisk Folkeparti","Frederiksberg",2852
"F. SF - Socialistisk Folkeparti","Dragør",313
"F. SF - Socialistisk Folkeparti","Tårnby",1057
"F. SF - Socialistisk Folkeparti","Albertslund",2365
"F. SF - Socialistisk Folkeparti","Ballerup",1758
"F. SF - Socialistisk Folkeparti","Brøndby",941
"F. SF - Socialistisk Folkeparti","Gentofte",2783
"F. SF - Socialistisk Folkeparti","Gladsaxe",3673
"F. SF - Socialistisk Folkeparti","Glostrup",476
"F. SF - Socialistisk Folkeparti","Herlev",1396
"F. SF - Socialistisk Folkeparti","Hvidovre",3800
"F. SF - Socialistisk Folkeparti","Høje-Taastrup",1251
"F. SF - Socialistisk Folkeparti","Ishøj",725
"F. SF - Socialistisk Folkeparti","Lyngby-Taarbæk",4327
"F. SF - Socialistisk Folkeparti","Rødovre",2037
"F. SF - Socialistisk Folkeparti","Vallensbæk",332
"F. SF - Socialistisk Folkeparti","Allerød",1517
"F. SF - Socialistisk Folkeparti","Egedal",1867
"F. SF - Socialistisk Folkeparti","Fredensborg",1694
"F. SF - Socialistisk Folkeparti","Frederikssund",1884
"F. SF - Socialistisk Folkeparti","Furesø",1086
"F. SF - Socialistisk Folkeparti","Gribskov",1901
"F. SF - Socialistisk Folkeparti","Halsnæs",1540
"F. SF - Socialistisk Folkeparti","Helsingør",1736
"F. SF - Socialistisk Folkeparti","Hillerød",3789
"F. SF - Socialistisk Folkeparti","Hørsholm",617
"F. SF - Socialistisk Folkeparti","Rudersdal",1403
"F. SF - Socialistisk Folkeparti","Bornholm",682
"F. SF - Socialistisk Folkeparti","Christiansø",0
"F. SF - Socialistisk Folkeparti","Greve",954
"F. SF - Socialistisk Folkeparti","Køge",2909
"F. SF - Socialistisk Folkeparti","Lejre",2454
"F. SF - Socialistisk Folkeparti","Roskilde",4601
"F. SF - Socialistisk Folkeparti","Solrød",489
"F. SF - Socialistisk Folkeparti","Faxe",1354
"F. SF - Socialistisk Folkeparti","Guldborgsund",1560
"F. SF - Socialistisk Folkeparti","Holbæk",1120
"F. SF - Socialistisk Folkeparti","Kalundborg",2046
"F. SF - Socialistisk Folkeparti","Lolland",840
"F. SF - Socialistisk Folkeparti","Næstved",2185
"F. SF - Socialistisk Folkeparti","Odsherred",1033
"F. SF - Socialistisk Folkeparti","Ringsted",1369
"F. SF - Socialistisk Folkeparti","Slagelse",2530
"F. SF - Socialistisk Folkeparti","Sorø",1526
"F. SF - Socialistisk Folkeparti","Stevns",682
"F. SF - Socialistisk Folkeparti","Vordingborg",1962
"F. SF - Socialistisk Folkeparti","Assens",1459
"F. SF - Socialistisk Folkeparti","Faaborg-Midtfyn",1734
"F. SF - Socialistisk Folkeparti","Kerteminde",763
"F. SF - Socialistisk Folkeparti","Langeland",2612
"F. SF - Socialistisk Folkeparti","Middelfart",1478
"F. SF - Socialistisk Folkeparti","Nordfyns",1118
"F. SF - Socialistisk Folkeparti","Nyborg",1317
"F. SF - Socialistisk Folkeparti","Odense",8876
"F. SF - Socialistisk Folkeparti","Svendborg",2470
"F. SF - Socialistisk Folkeparti","Ærø",244
"F. SF - Socialistisk Folkeparti","Billund",123
"F. SF - Socialistisk Folkeparti","Esbjerg",5553
"F. SF - Socialistisk Folkeparti","Fanø",148
"F. SF - Socialistisk Folkeparti","Fredericia",1123
"F. SF - Socialistisk Folkeparti","Haderslev",1041
"F. SF - Socialistisk Folkeparti","Kolding",8613
"F. SF - Socialistisk Folkeparti","Sønderborg",809
"F. SF - Socialistisk Folkeparti","Tønder",805
"F. SF - Socialistisk Folkeparti","Varde",821
"F. SF - Socialistisk Folkeparti","Vejen",772
"F. SF - Socialistisk Folkeparti","Vejle",4368
"F. SF - Socialistisk Folkeparti","Aabenraa",997
"F. SF - Socialistisk Folkeparti","Favrskov",1048
"F. SF - Socialistisk Folkeparti","Hedensted",618
"F. SF - Socialistisk Folkeparti","Horsens",2559
"F. SF - Socialistisk Folkeparti","Norddjurs",1659
"F. SF - Socialistisk Folkeparti","Odder",784
"F. SF - Socialistisk Folkeparti","Randers",2539
"F. SF - Socialistisk Folkeparti","Samsø",335
"F. SF - Socialistisk Folkeparti","Silkeborg",3611
"F. SF - Socialistisk Folkeparti","Skanderborg",3024
"F. SF - Socialistisk Folkeparti","Syddjurs",3335
"F. SF - Socialistisk Folkeparti","Aarhus",26439
"F. SF - Socialistisk Folkeparti","Herning",2228
"F. SF - Socialistisk Folkeparti","Holstebro",1708
"F. SF - Socialistisk Folkeparti","Ikast-Brande",371
"F. SF - Socialistisk Folkeparti","Lemvig",1133
"F. SF - Socialistisk Folkeparti","Ringkøbing-Skjern",2961
"F. SF - Socialistisk Folkeparti","Skive",1758
"F. SF - Socialistisk Folkeparti","Struer",663
"F. SF - Socialistisk Folkeparti","Viborg",2709
"F. SF - Socialistisk Folkeparti","Brønderslev",514
"F. SF - Socialistisk Folkeparti","Frederikshavn",1275
"F. SF - Socialistisk Folkeparti","Hjørring",1362
"F. SF - Socialistisk Folkeparti","Jammerbugt",622
"F. SF - Socialistisk Folkeparti","Læsø",0
"F. SF - Socialistisk Folkeparti","Mariagerfjord",686
"F. SF - Socialistisk Folkeparti","Morsø",247
"F. SF - Socialistisk Folkeparti","Rebild",1002
"F. SF - Socialistisk Folkeparti","Thisted",761
"F. SF - Socialistisk Folkeparti","Vesthimmerlands",2288
"F. SF - Socialistisk Folkeparti","Aalborg",6353
"G. Veganerpartiet","København",1839
"G. Veganerpartiet","Frederiksberg",201
"G. Veganerpartiet","Dragør",0
"G. Veganerpartiet","Tårnby",0
"G. Veganerpartiet","Albertslund",40
"G. Veganerpartiet","Ballerup",212
"G. Veganerpartiet","Brøndby",0
"G. Veganerpartiet","Gentofte",0
"G. Veganerpartiet","Gladsaxe",0
"G. Veganerpartiet","Glostrup",0
"G. Veganerpartiet","Herlev",0
"G. Veganerpartiet","Hvidovre",73
"G. Veganerpartiet","Høje-Taastrup",0
"G. Veganerpartiet","Ishøj",0
"G. Veganerpartiet","Lyngby-Taarbæk",105
"G. Veganerpartiet","Rødovre",0
"G. Veganerpartiet","Vallensbæk",0
"G. Veganerpartiet","Allerød",0
"G. Veganerpartiet","Egedal",0
"G. Veganerpartiet","Fredensborg",0
"G. Veganerpartiet","Frederikssund",0
"G. Veganerpartiet","Furesø",0
"G. Veganerpartiet","Gribskov",0
"G. Veganerpartiet","Halsnæs",0
"G. Veganerpartiet","Helsingør",0
"G. Veganerpartiet","Hillerød",0
"G. Veganerpartiet","Hørsholm",0
"G. Veganerpartiet","Rudersdal",0
"G. Veganerpartiet","Bornholm",130
"G. Veganerpartiet","Christiansø",0
"G. Veganerpartiet","Greve",47
"G. Veganerpartiet","Køge",0
"G. Veganerpartiet","Lejre",0
"G. Veganerpartiet","Roskilde",204
"G. Veganerpartiet","Solrød",0
"G. Veganerpartiet","Faxe",0
"G. Veganerpartiet","Guldborgsund",0
"G. Veganerpartiet","Holbæk",0
"G. Veganerpartiet","Kalundborg",0
"G. Veganerpartiet","Lolland",0
"G. Veganerpartiet","Næstved",120
"G. Veganerpartiet","Odsherred",113
"G. Veganerpartiet","Ringsted",0
"G. Veganerpartiet","Slagelse",235
"G. Veganerpartiet","Sorø",0
"G. Veganerpartiet","Stevns",0
"G. Veganerpartiet","Vordingborg",0
"G. Veganerpartiet","Assens",0
"G. Veganerpartiet","Faaborg-Midtfyn",0
"G. Veganerpartiet","Kerteminde",0
"G. Veganerpartiet","Langeland",0
"G. Veganerpartiet","Middelfart",0
"G. Veganerpartiet","Nordfyns",0
"G. Veganerpartiet","Nyborg",0
"G. Veganerpartiet","Odense",483
"G. Veganerpartiet","Svendborg",0
"G. Veganerpartiet","Ærø",0
"G. Veganerpartiet","Billund",0
"G. Veganerpartiet","Esbjerg",0
"G. Veganerpartiet","Fanø",0
"G. Veganerpartiet","Fredericia",0
"G. Veganerpartiet","Haderslev",0
"G. Veganerpartiet","Kolding",0
"G. Veganerpartiet","Sønderborg",0
"G. Veganerpartiet","Tønder",0
"G. Veganerpartiet","Varde",0
"G. Veganerpartiet","Vejen",0
"G. Veganerpartiet","Vejle",0
"G. Veganerpartiet","Aabenraa",0
"G. Veganerpartiet","Favrskov",0
"G. Veganerpartiet","Hedensted",0
"G. Veganerpartiet","Horsens",0
"G. Veganerpartiet","Norddjurs",0
"G. Veganerpartiet","Odder",0
"G. Veganerpartiet","Randers",0
"G. Veganerpartiet","Samsø",0
"G. Veganerpartiet","Silkeborg",0
"G. Veganerpartiet","Skanderborg",0
"G. Veganerpartiet","Syddjurs",0
"G. Veganerpartiet","Aarhus",994
"G. Veganerpartiet","Herning",0
"G. Veganerpartiet","Holstebro",0
"G. Veganerpartiet","Ikast-Brande",0
"G. Veganerpartiet","Lemvig",0
"G. Veganerpartiet","Ringkøbing-Skjern",0
"G. Veganerpartiet","Skive",0
"G. Veganerpartiet","Struer",0
"G. Veganerpartiet","Viborg",0
"G. Veganerpartiet","Brønderslev",138
"G. Veganerpartiet","Frederikshavn",0
"G. Veganerpartiet","Hjørring",0
"G. Veganerpartiet","Jammerbugt",0
"G. Veganerpartiet","Læsø",0
"G. Veganerpartiet","Mariagerfjord",0
"G. Veganerpartiet","Morsø",0
"G. Veganerpartiet","Rebild",0
"G. Veganerpartiet","Thisted",0
"G. Veganerpartiet","Vesthimmerlands",0
"G. Veganerpartiet","Aalborg",266
"I. Liberal Alliance","København",8428
"I. Liberal Alliance","Frederiksberg",769
"I. Liberal Alliance","Dragør",52
"I. Liberal Alliance","Tårnby",171
"I. Liberal Alliance","Albertslund",115
"I. Liberal Alliance","Ballerup",193
"I. Liberal Alliance","Brøndby",269
"I. Liberal Alliance","Gentofte",996
"I. Liberal Alliance","Gladsaxe",494
"I. Liberal Alliance","Glostrup",112
"I. Liberal Alliance","Herlev",134
"I. Liberal Alliance","Hvidovre",225
"I. Liberal Alliance","Høje-Taastrup",419
"I. Liberal Alliance","Ishøj",0
"I. Liberal Alliance","Lyngby-Taarbæk",555
"I. Liberal Alliance","Rødovre",0
"I. Liberal Alliance","Vallensbæk",0
"I. Liberal Alliance","Allerød",136
"I. Liberal Alliance","Egedal",427
"I. Liberal Alliance","Fredensborg",507
"I. Liberal Alliance","Frederikssund",0
"I. Liberal Alliance","Furesø",499
"I. Liberal Alliance","Gribskov",0
"I. Liberal Alliance","Halsnæs",0
"I. Liberal Alliance","Helsingør",431
"I. Liberal Alliance","Hillerød",443
"I. Liberal Alliance","Hørsholm",461
"I. Liberal Alliance","Rudersdal",883
"I. Liberal Alliance","Bornholm",0
"I. Liberal Alliance","Christiansø",0
"I. Liberal Alliance","Greve",189
"I. Liberal Alliance","Køge",356
"I. Liberal Alliance","Lejre",257
"I. Liberal Alliance","Roskilde",2132
"I. Liberal Alliance","Solrød",1944
"I. Liberal Alliance","Faxe",743
"I. Liberal Alliance","Guldborgsund",0
"I. Liberal Alliance","Holbæk",520
"I. Liberal Alliance","Kalundborg",88
"I. Liberal Alliance","Lolland",0
"I. Liberal Alliance","Næstved",569
"I. Liberal Alliance","Odsherred",78
"I. Liberal Alliance","Ringsted",144
"I. Liberal Alliance","Slagelse",409
"I. Liberal Alliance","Sorø",158
"I. Liberal Alliance","Stevns",113
"I. Liberal Alliance","Vordingborg",0
"I. Liberal Alliance","Assens",0
"I. Liberal Alliance","Faaborg-Midtfyn",0
"I. Liberal Alliance","Kerteminde",0
"I. Liberal Alliance","Langeland",0
"I. Liberal Alliance","Middelfart",0
"I. Liberal Alliance","Nordfyns",0
"I. Liberal Alliance","Nyborg",83
"I. Liberal Alliance","Odense",1036
"I. Liberal Alliance","Svendborg",309
"I. Liberal Alliance","Ærø",0
"I. Liberal Alliance","Billund",0
"I. Liberal Alliance","Esbjerg",398
"I. Liberal Alliance","Fanø",0
"I. Liberal Alliance","Fredericia",123
"I. Liberal Alliance","Haderslev",115
"I. Liberal Alliance","Kolding",824
"I. Liberal Alliance","Sønderborg",135
"I. Liberal Alliance","Tønder",152
"I. Liberal Alliance","Varde",177
"I. Liberal Alliance","Vejen",75
"I. Liberal Alliance","Vejle",669
"I. Liberal Alliance","Aabenraa",173
"I. Liberal Alliance","Favrskov",239
"I. Liberal Alliance","Hedensted",344
"I. Liberal Alliance","Horsens",1422
"I. Liberal Alliance","Norddjurs",1829
"I. Liberal Alliance","Odder",0
"I. Liberal Alliance","Randers",458
"I. Liberal Alliance","Samsø",0
"I. Liberal Alliance","Silkeborg",692
"I. Liberal Alliance","Skanderborg",713
"I. Liberal Alliance","Syddjurs",0
"I. Liberal Alliance","Aarhus",3496
"I. Liberal Alliance","Herning",613
"I. Liberal Alliance","Holstebro",156
"I. Liberal Alliance","Ikast-Brande",0
"I. Liberal Alliance","Lemvig",106
"I. Liberal Alliance","Ringkøbing-Skjern",250
"I. Liberal Alliance","Skive",0
"I. Liberal Alliance","Struer",200
"I. Liberal Alliance","Viborg",456
"I. Liberal Alliance","Brønderslev",119
"I. Liberal Alliance","Frederikshavn",0
"I. Liberal Alliance","Hjørring",0
"I. Liberal Alliance","Jammerbugt",0
"I. Liberal Alliance","Læsø",0
"I. Liberal Alliance","Mariagerfjord",0
"I. Liberal Alliance","Morsø",0
"I. Liberal Alliance","Rebild",0
"I. Liberal Alliance","Thisted",417
"I. Liberal Alliance","Vesthimmerlands",0
"I. Liberal Alliance","Aalborg",2478
"K. Kristendemokraterne","København",1187
"K. Kristendemokraterne","Frederiksberg",105
"K. Kristendemokraterne","Dragør",0
"K. Kristendemokraterne","Tårnby",0
"K. Kristendemokraterne","Albertslund",0
"K. Kristendemokraterne","Ballerup",0
"K. Kristendemokraterne","Brøndby",0
"K. Kristendemokraterne","Gentofte",115
"K. Kristendemokraterne","Gladsaxe",134
"K. Kristendemokraterne","Glostrup",0
"K. Kristendemokraterne","Herlev",84
"K. Kristendemokraterne","Hvidovre",0
"K. Kristendemokraterne","Høje-Taastrup",0
"K. Kristendemokraterne","Ishøj",0
"K. Kristendemokraterne","Lyngby-Taarbæk",0
"K. Kristendemokraterne","Rødovre",190
"K. Kristendemokraterne","Vallensbæk",0
"K. Kristendemokraterne","Allerød",0
"K. Kristendemokraterne","Egedal",0
"K. Kristendemokraterne","Fredensborg",87
"K. Kristendemokraterne","Frederikssund",0
"K. Kristendemokraterne","Furesø",0
"K. Kristendemokraterne","Gribskov",0
"K. Kristendemokraterne","Halsnæs",0
"K. Kristendemokraterne","Helsingør",0
"K. Kristendemokraterne","Hillerød",174
"K. Kristendemokraterne","Hørsholm",51
"K. Kristendemokraterne","Rudersdal",0
"K. Kristendemokraterne","Bornholm",985
"K. Kristendemokraterne","Christiansø",0
"K. Kristendemokraterne","Greve",103
"K. Kristendemokraterne","Køge",78
"K. Kristendemokraterne","Lejre",0
"K. Kristendemokraterne","Roskilde",179
"K. Kristendemokraterne","Solrød",0
"K. Kristendemokraterne","Faxe",0
"K. Kristendemokraterne","Guldborgsund",91
"K. Kristendemokraterne","Holbæk",0
"K. Kristendemokraterne","Kalundborg",0
"K. Kristendemokraterne","Lolland",0
"K. Kristendemokraterne","Næstved",0
"K. Kristendemokraterne","Odsherred",0
"K. Kristendemokraterne","Ringsted",436
"K. Kristendemokraterne","Slagelse",119
"K. Kristendemokraterne","Sorø",59
"K. Kristendemokraterne","Stevns",0
"K. Kristendemokraterne","Vordingborg",0
"K. Kristendemokraterne","Assens",0
"K. Kristendemokraterne","Faaborg-Midtfyn",111
"K. Kristendemokraterne","Kerteminde",99
"K. Kristendemokraterne","Langeland",0
"K. Kristendemokraterne","Middelfart",0
"K. Kristendemokraterne","Nordfyns",0
"K. Kristendemokraterne","Nyborg",0
"K. Kristendemokraterne","Odense",456
"K. Kristendemokraterne","Svendborg",0
"K. Kristendemokraterne","Ærø",0
"K. Kristendemokraterne","Billund",178
"K. Kristendemokraterne","Esbjerg",315
"K. Kristendemokraterne","Fanø",0
"K. Kristendemokraterne","Fredericia",90
"K. Kristendemokraterne","Haderslev",486
"K. Kristendemokraterne","Kolding",395
"K. Kristendemokraterne","Sønderborg",0
"K. Kristendemokraterne","Tønder",0
"K. Kristendemokraterne","Varde",856
"K. Kristendemokraterne","Vejen",0
"K. Kristendemokraterne","Vejle",443
"K. Kristendemokraterne","Aabenraa",232
"K. Kristendemokraterne","Favrskov",0
"K. Kristendemokraterne","Hedensted",1362
"K. Kristendemokraterne","Horsens",178
"K. Kristendemokraterne","Norddjurs",0
"K. Kristendemokraterne","Odder",0
"K. Kristendemokraterne","Randers",428
"K. Kristendemokraterne","Samsø",0
"K. Kristendemokraterne","Silkeborg",1088
"K. Kristendemokraterne","Skanderborg",0
"K. Kristendemokraterne","Syddjurs",0
"K. Kristendemokraterne","Aarhus",1554
"K. Kristendemokraterne","Herning",2157
"K. Kristendemokraterne","Holstebro",794
"K. Kristendemokraterne","Ikast-Brande",576
"K. Kristendemokraterne","Lemvig",0
"K. Kristendemokraterne","Ringkøbing-Skjern",5960
"K. Kristendemokraterne","Skive",0
"K. Kristendemokraterne","Struer",0
"K. Kristendemokraterne","Viborg",425
"K. Kristendemokraterne","Brønderslev",90
"K. Kristendemokraterne","Frederikshavn",205
"K. Kristendemokraterne","Hjørring",320
"K. Kristendemokraterne","Jammerbugt",209
"K. Kristendemokraterne","Læsø",0
"K. Kristendemokraterne","Mariagerfjord",114
"K. Kristendemokraterne","Morsø",0
"K. Kristendemokraterne","Rebild",0
"K. Kristendemokraterne","Thisted",170
"K. Kristendemokraterne","Vesthimmerlands",111
"K. Kristendemokraterne","Aalborg",833
"O. Dansk Folkeparti","København",5907
"O. Dansk Folkeparti","Frederiksberg",425
"O. Dansk Folkeparti","Dragør",273
"O. Dansk Folkeparti","Tårnby",1510
"O. Dansk Folkeparti","Albertslund",680
"O. Dansk Folkeparti","Ballerup",1135
"O. Dansk Folkeparti","Brøndby",914
"O. Dansk Folkeparti","Gentofte",241
"O. Dansk Folkeparti","Gladsaxe",1103
"O. Dansk Folkeparti","Glostrup",413
"O. Dansk Folkeparti","Herlev",412
"O. Dansk Folkeparti","Hvidovre",1450
"O. Dansk Folkeparti","Høje-Taastrup",968
"O. Dansk Folkeparti","Ishøj",396
"O. Dansk Folkeparti","Lyngby-Taarbæk",335
"O. Dansk Folkeparti","Rødovre",703
"O. Dansk Folkeparti","Vallensbæk",508
"O. Dansk Folkeparti","Allerød",115
"O. Dansk Folkeparti","Egedal",775
"O. Dansk Folkeparti","Fredensborg",532
"O. Dansk Folkeparti","Frederikssund",1732
"O. Dansk Folkeparti","Furesø",280
"O. Dansk Folkeparti","Gribskov",1023
"O. Dansk Folkeparti","Halsnæs",614
"O. Dansk Folkeparti","Helsingør",1602
"O. Dansk Folkeparti","Hillerød",1237
"O. Dansk Folkeparti","Hørsholm",423
"O. Dansk Folkeparti","Rudersdal",313
"O. Dansk Folkeparti","Bornholm",3597
"O. Dansk Folkeparti","Christiansø",0
"O. Dansk Folkeparti","Greve",1570
"O. Dansk Folkeparti","Køge",1262
"O. Dansk Folkeparti","Lejre",565
"O. Dansk Folkeparti","Roskilde",3039
"O. Dansk Folkeparti","Solrød",604
"O. Dansk Folkeparti","Faxe",1508
"O. Dansk Folkeparti","Guldborgsund",6282
"O. Dansk Folkeparti","Holbæk",1734
"O. Dansk Folkeparti","Kalundborg",1763
"O. Dansk Folkeparti","Lolland",1078
"O. Dansk Folkeparti","Næstved",1712
"O. Dansk Folkeparti","Odsherred",1360
"O. Dansk Folkeparti","Ringsted",674
"O. Dansk Folkeparti","Slagelse",2174
"O. Dansk Folkeparti","Sorø",710
"O. Dansk Folkeparti","Stevns",886
"O. Dansk Folkeparti","Vordingborg",1062
"O. Dansk Folkeparti","Assens",1163
"O. Dansk Folkeparti","Faaborg-Midtfyn",2067
"O. Dansk Folkeparti","Kerteminde",639
"O. Dansk Folkeparti","Langeland",274
"O. Dansk Folkeparti","Middelfart",1066
"O. Dansk Folkeparti","Nordfyns",1037
"O. Dansk Folkeparti","Nyborg",380
"O. Dansk Folkeparti","Odense",2594
"O. Dansk Folkeparti","Svendborg",1162
"O. Dansk Folkeparti","Ærø",288
"O. Dansk Folkeparti","Billund",1240
"O. Dansk Folkeparti","Esbjerg",2122
"O. Dansk Folkeparti","Fanø",32
"O. Dansk Folkeparti","Fredericia",1994
"O. Dansk Folkeparti","Haderslev",1584
"O. Dansk Folkeparti","Kolding",3799
"O. Dansk Folkeparti","Sønderborg",1655
"O. Dansk Folkeparti","Tønder",573
"O. Dansk Folkeparti","Varde",1196
"O. Dansk Folkeparti","Vejen",740
"O. Dansk Folkeparti","Vejle",2596
"O. Dansk Folkeparti","Aabenraa",1796
"O. Dansk Folkeparti","Favrskov",935
"O. Dansk Folkeparti","Hedensted",2106
"O. Dansk Folkeparti","Horsens",2305
"O. Dansk Folkeparti","Norddjurs",835
"O. Dansk Folkeparti","Odder",180
"O. Dansk Folkeparti","Randers",2635
"O. Dansk Folkeparti","Samsø",27
"O. Dansk Folkeparti","Silkeborg",1253
"O. Dansk Folkeparti","Skanderborg",1520
"O. Dansk Folkeparti","Syddjurs",704
"O. Dansk Folkeparti","Aarhus",5252
"O. Dansk Folkeparti","Herning",1443
"O. Dansk Folkeparti","Holstebro",1134
"O. Dansk Folkeparti","Ikast-Brande",2015
"O. Dansk Folkeparti","Lemvig",348
"O. Dansk Folkeparti","Ringkøbing-Skjern",1164
"O. Dansk Folkeparti","Skive",741
"O. Dansk Folkeparti","Struer",300
"O. Dansk Folkeparti","Viborg",1399
"O. Dansk Folkeparti","Brønderslev",848
"O. Dansk Folkeparti","Frederikshavn",987
"O. Dansk Folkeparti","Hjørring",1405
"O. Dansk Folkeparti","Jammerbugt",755
"O. Dansk Folkeparti","Læsø",97
"O. Dansk Folkeparti","Mariagerfjord",1020
"O. Dansk Folkeparti","Morsø",720
"O. Dansk Folkeparti","Rebild",445
"O. Dansk Folkeparti","Thisted",872
"O. Dansk Folkeparti","Vesthimmerlands",664
"O. Dansk Folkeparti","Aalborg",4683
"S. Slesvigsk Parti","København",0
"S. Slesvigsk Parti","Frederiksberg",0
"S. Slesvigsk Parti","Dragør",0
"S. Slesvigsk Parti","Tårnby",0
"S. Slesvigsk Parti","Albertslund",0
"S. Slesvigsk Parti","Ballerup",0
"S. Slesvigsk Parti","Brøndby",0
"S. Slesvigsk Parti","Gentofte",0
"S. Slesvigsk Parti","Gladsaxe",0
"S. Slesvigsk Parti","Glostrup",0
"S. Slesvigsk Parti","Herlev",0
"S. Slesvigsk Parti","Hvidovre",0
"S. Slesvigsk Parti","Høje-Taastrup",0
"S. Slesvigsk Parti","Ishøj",0
"S. Slesvigsk Parti","Lyngby-Taarbæk",0
"S. Slesvigsk Parti","Rødovre",0
"S. Slesvigsk Parti","Vallensbæk",0
"S. Slesvigsk Parti","Allerød",0
"S. Slesvigsk Parti","Egedal",0
"S. Slesvigsk Parti","Fredensborg",0
"S. Slesvigsk Parti","Frederikssund",0
"S. Slesvigsk Parti","Furesø",0
"S. Slesvigsk Parti","Gribskov",0
"S. Slesvigsk Parti","Halsnæs",0
"S. Slesvigsk Parti","Helsingør",0
"S. Slesvigsk Parti","Hillerød",0
"S. Slesvigsk Parti","Hørsholm",0
"S. Slesvigsk Parti","Rudersdal",0
"S. Slesvigsk Parti","Bornholm",0
"S. Slesvigsk Parti","Christiansø",0
"S. Slesvigsk Parti","Greve",0
"S. Slesvigsk Parti","Køge",0
"S. Slesvigsk Parti","Lejre",0
"S. Slesvigsk Parti","Roskilde",0
"S. Slesvigsk Parti","Solrød",0
"S. Slesvigsk Parti","Faxe",0
"S. Slesvigsk Parti","Guldborgsund",0
"S. Slesvigsk Parti","Holbæk",0
"S. Slesvigsk Parti","Kalundborg",0
"S. Slesvigsk Parti","Lolland",0
"S. Slesvigsk Parti","Næstved",0
"S. Slesvigsk Parti","Odsherred",0
"S. Slesvigsk Parti","Ringsted",0
"S. Slesvigsk Parti","Slagelse",0
"S. Slesvigsk Parti","Sorø",0
"S. Slesvigsk Parti","Stevns",0
"S. Slesvigsk Parti","Vordingborg",0
"S. Slesvigsk Parti","Assens",0
"S. Slesvigsk Parti","Faaborg-Midtfyn",0
"S. Slesvigsk Parti","Kerteminde",0
"S. Slesvigsk Parti","Langeland",0
"S. Slesvigsk Parti","Middelfart",0
"S. Slesvigsk Parti","Nordfyns",0
"S. Slesvigsk Parti","Nyborg",0
"S. Slesvigsk Parti","Odense",0
"S. Slesvigsk Parti","Svendborg",0
"S. Slesvigsk Parti","Ærø",0
"S. Slesvigsk Parti","Billund",0
"S. Slesvigsk Parti","Esbjerg",0
"S. Slesvigsk Parti","Fanø",0
"S. Slesvigsk Parti","Fredericia",0
"S. Slesvigsk Parti","Haderslev",815
"S. Slesvigsk Parti","Kolding",0
"S. Slesvigsk Parti","Sønderborg",3239
"S. Slesvigsk Parti","Tønder",2706
"S. Slesvigsk Parti","Varde",0
"S. Slesvigsk Parti","Vejen",0
"S. Slesvigsk Parti","Vejle",0
"S. Slesvigsk Parti","Aabenraa",2257
"S. Slesvigsk Parti","Favrskov",0
"S. Slesvigsk Parti","Hedensted",0
"S. Slesvigsk Parti","Horsens",0
"S. Slesvigsk Parti","Norddjurs",0
"S. Slesvigsk Parti","Odder",0
"S. Slesvigsk Parti","Randers",0
"S. Slesvigsk Parti","Samsø",0
"S. Slesvigsk Parti","Silkeborg",0
"S. Slesvigsk Parti","Skanderborg",0
"S. Slesvigsk Parti","Syddjurs",0
"S. Slesvigsk Parti","Aarhus",0
"S. Slesvigsk Parti","Herning",0
"S. Slesvigsk Parti","Holstebro",0
"S. Slesvigsk Parti","Ikast-Brande",0
"S. Slesvigsk Parti","Lemvig",0
"S. Slesvigsk Parti","Ringkøbing-Skjern",0
"S. Slesvigsk Parti","Skive",0
"S. Slesvigsk Parti","Struer",0
"S. Slesvigsk Parti","Viborg",0
"S. Slesvigsk Parti","Brønderslev",0
"S. Slesvigsk Parti","Frederikshavn",0
"S. Slesvigsk Parti","Hjørring",0
"S. Slesvigsk Parti","Jammerbugt",0
"S. Slesvigsk Parti","Læsø",0
"S. Slesvigsk Parti","Mariagerfjord",0
"S. Slesvigsk Parti","Morsø",0
"S. Slesvigsk Parti","Rebild",0
"S. Slesvigsk Parti","Thisted",0
"S. Slesvigsk Parti","Vesthimmerlands",0
"S. Slesvigsk Parti","Aalborg",0
"V. Venstre, Danmarks Liberale Parti","København",23578
"V. Venstre, Danmarks Liberale Parti","Frederiksberg",3603
"V. Venstre, Danmarks Liberale Parti","Dragør",1011
"V. Venstre, Danmarks Liberale Parti","Tårnby",2894
"V. Venstre, Danmarks Liberale Parti","Albertslund",571
"V. Venstre, Danmarks Liberale Parti","Ballerup",1895
"V. Venstre, Danmarks Liberale Parti","Brøndby",992
"V. Venstre, Danmarks Liberale Parti","Gentofte",2263
"V. Venstre, Danmarks Liberale Parti","Gladsaxe",4254
"V. Venstre, Danmarks Liberale Parti","Glostrup",2680
"V. Venstre, Danmarks Liberale Parti","Herlev",422
"V. Venstre, Danmarks Liberale Parti","Hvidovre",1472
"V. Venstre, Danmarks Liberale Parti","Høje-Taastrup",703
"V. Venstre, Danmarks Liberale Parti","Ishøj",1055
"V. Venstre, Danmarks Liberale Parti","Lyngby-Taarbæk",1613
"V. Venstre, Danmarks Liberale Parti","Rødovre",813
"V. Venstre, Danmarks Liberale Parti","Vallensbæk",0
"V. Venstre, Danmarks Liberale Parti","Allerød",3906
"V. Venstre, Danmarks Liberale Parti","Egedal",4464
"V. Venstre, Danmarks Liberale Parti","Fredensborg",3492
"V. Venstre, Danmarks Liberale Parti","Frederikssund",6152
"V. Venstre, Danmarks Liberale Parti","Furesø",2585
"V. Venstre, Danmarks Liberale Parti","Gribskov",4400
"V. Venstre, Danmarks Liberale Parti","Halsnæs",3623
"V. Venstre, Danmarks Liberale Parti","Helsingør",1905
"V. Venstre, Danmarks Liberale Parti","Hillerød",6118
"V. Venstre, Danmarks Liberale Parti","Hørsholm",3846
"V. Venstre, Danmarks Liberale Parti","Rudersdal",7328
"V. Venstre, Danmarks Liberale Parti","Bornholm",2245
"V. Venstre, Danmarks Liberale Parti","Christiansø",0
"V. Venstre, Danmarks Liberale Parti","Greve",9575
"V. Venstre, Danmarks Liberale Parti","Køge",7532
"V. Venstre, Danmarks Liberale Parti","Lejre",4558
"V. Venstre, Danmarks Liberale Parti","Roskilde",7733
"V. Venstre, Danmarks Liberale Parti","Solrød",2553
"V. Venstre, Danmarks Liberale Parti","Faxe",5041
"V. Venstre, Danmarks Liberale Parti","Guldborgsund",2765
"V. Venstre, Danmarks Liberale Parti","Holbæk",6139
"V. Venstre, Danmarks Liberale Parti","Kalundborg",8778
"V. Venstre, Danmarks Liberale Parti","Lolland",3911
"V. Venstre, Danmarks Liberale Parti","Næstved",7800
"V. Venstre, Danmarks Liberale Parti","Odsherred",2570
"V. Venstre, Danmarks Liberale Parti","Ringsted",4649
"V. Venstre, Danmarks Liberale Parti","Slagelse",13507
"V. Venstre, Danmarks Liberale Parti","Sorø",1647
"V. Venstre, Danmarks Liberale Parti","Stevns",3054
"V. Venstre, Danmarks Liberale Parti","Vordingborg",5695
"V. Venstre, Danmarks Liberale Parti","Assens",9386
"V. Venstre, Danmarks Liberale Parti","Faaborg-Midtfyn",5160
"V. Venstre, Danmarks Liberale Parti","Kerteminde",971
"V. Venstre, Danmarks Liberale Parti","Langeland",2191
"V. Venstre, Danmarks Liberale Parti","Middelfart",5463
"V. Venstre, Danmarks Liberale Parti","Nordfyns",6858
"V. Venstre, Danmarks Liberale Parti","Nyborg",9776
"V. Venstre, Danmarks Liberale Parti","Odense",19300
"V. Venstre, Danmarks Liberale Parti","Svendborg",6558
"V. Venstre, Danmarks Liberale Parti","Ærø",378
"V. Venstre, Danmarks Liberale Parti","Billund",5267
"V. Venstre, Danmarks Liberale Parti","Esbjerg",21285
"V. Venstre, Danmarks Liberale Parti","Fanø",428
"V. Venstre, Danmarks Liberale Parti","Fredericia",5718
"V. Venstre, Danmarks Liberale Parti","Haderslev",8021
"V. Venstre, Danmarks Liberale Parti","Kolding",15825
"V. Venstre, Danmarks Liberale Parti","Sønderborg",12172
"V. Venstre, Danmarks Liberale Parti","Tønder",3472
"V. Venstre, Danmarks Liberale Parti","Varde",10351
"V. Venstre, Danmarks Liberale Parti","Vejen",6888
"V. Venstre, Danmarks Liberale Parti","Vejle",21297
"V. Venstre, Danmarks Liberale Parti","Aabenraa",10250
"V. Venstre, Danmarks Liberale Parti","Favrskov",5757
"V. Venstre, Danmarks Liberale Parti","Hedensted",9133
"V. Venstre, Danmarks Liberale Parti","Horsens",11135
"V. Venstre, Danmarks Liberale Parti","Norddjurs",3880
"V. Venstre, Danmarks Liberale Parti","Odder",4204
"V. Venstre, Danmarks Liberale Parti","Randers",9333
"V. Venstre, Danmarks Liberale Parti","Samsø",654
"V. Venstre, Danmarks Liberale Parti","Silkeborg",14509
"V. Venstre, Danmarks Liberale Parti","Skanderborg",8418
"V. Venstre, Danmarks Liberale Parti","Syddjurs",5743
"V. Venstre, Danmarks Liberale Parti","Aarhus",22835
"V. Venstre, Danmarks Liberale Parti","Herning",24062
"V. Venstre, Danmarks Liberale Parti","Holstebro",10087
"V. Venstre, Danmarks Liberale Parti","Ikast-Brande",6620
"V. Venstre, Danmarks Liberale Parti","Lemvig",5222
"V. Venstre, Danmarks Liberale Parti","Ringkøbing-Skjern",10402
"V. Venstre, Danmarks Liberale Parti","Skive",10619
"V. Venstre, Danmarks Liberale Parti","Struer",4852
"V. Venstre, Danmarks Liberale Parti","Viborg",17928
"V. Venstre, Danmarks Liberale Parti","Brønderslev",7810
"V. Venstre, Danmarks Liberale Parti","Frederikshavn",6851
"V. Venstre, Danmarks Liberale Parti","Hjørring",9302
"V. Venstre, Danmarks Liberale Parti","Jammerbugt",9984
"V. Venstre, Danmarks Liberale Parti","Læsø",307
"V. Venstre, Danmarks Liberale Parti","Mariagerfjord",7238
"V. Venstre, Danmarks Liberale Parti","Morsø",5423
"V. Venstre, Danmarks Liberale Parti","Rebild",4382
"V. Venstre, Danmarks Liberale Parti","Thisted",5403
"V. Venstre, Danmarks Liberale Parti","Vesthimmerlands",6105
"V. Venstre, Danmarks Liberale Parti","Aalborg",21470
"Ø. Enhedslisten - De Rød-Grønne","København",75698
"Ø. Enhedslisten - De Rød-Grønne","Frederiksberg",10720
"Ø. Enhedslisten - De Rød-Grønne","Dragør",0
"Ø. Enhedslisten - De Rød-Grønne","Tårnby",1791
"Ø. Enhedslisten - De Rød-Grønne","Albertslund",1432
"Ø. Enhedslisten - De Rød-Grønne","Ballerup",1605
"Ø. Enhedslisten - De Rød-Grønne","Brøndby",1185
"Ø. Enhedslisten - De Rød-Grønne","Gentofte",2125
"Ø. Enhedslisten - De Rød-Grønne","Gladsaxe",3426
"Ø. Enhedslisten - De Rød-Grønne","Glostrup",456
"Ø. Enhedslisten - De Rød-Grønne","Herlev",1407
"Ø. Enhedslisten - De Rød-Grønne","Hvidovre",1310
"Ø. Enhedslisten - De Rød-Grønne","Høje-Taastrup",1336
"Ø. Enhedslisten - De Rød-Grønne","Ishøj",375
"Ø. Enhedslisten - De Rød-Grønne","Lyngby-Taarbæk",1574
"Ø. Enhedslisten - De Rød-Grønne","Rødovre",1451
"Ø. Enhedslisten - De Rød-Grønne","Vallensbæk",375
"Ø. Enhedslisten - De Rød-Grønne","Allerød",1034
"Ø. Enhedslisten - De Rød-Grønne","Egedal",1046
"Ø. Enhedslisten - De Rød-Grønne","Fredensborg",641
"Ø. Enhedslisten - De Rød-Grønne","Frederikssund",1182
"Ø. Enhedslisten - De Rød-Grønne","Furesø",1506
"Ø. Enhedslisten - De Rød-Grønne","Gribskov",1225
"Ø. Enhedslisten - De Rød-Grønne","Halsnæs",885
"Ø. Enhedslisten - De Rød-Grønne","Helsingør",2386
"Ø. Enhedslisten - De Rød-Grønne","Hillerød",1865
"Ø. Enhedslisten - De Rød-Grønne","Hørsholm",0
"Ø. Enhedslisten - De Rød-Grønne","Rudersdal",1676
"Ø. Enhedslisten - De Rød-Grønne","Bornholm",5420
"Ø. Enhedslisten - De Rød-Grønne","Christiansø",0
"Ø. Enhedslisten - De Rød-Grønne","Greve",1136
"Ø. Enhedslisten - De Rød-Grønne","Køge",1426
"Ø. Enhedslisten - De Rød-Grønne","Lejre",1123
"Ø. Enhedslisten - De Rød-Grønne","Roskilde",4324
"Ø. Enhedslisten - De Rød-Grønne","Solrød",306
"Ø. Enhedslisten - De Rød-Grønne","Faxe",873
"Ø. Enhedslisten - De Rød-Grønne","Guldborgsund",1288
"Ø. Enhedslisten - De Rød-Grønne","Holbæk",1651
"Ø. Enhedslisten - De Rød-Grønne","Kalundborg",1361
"Ø. Enhedslisten - De Rød-Grønne","Lolland",821
"Ø. Enhedslisten - De Rød-Grønne","Næstved",1684
"Ø. Enhedslisten - De Rød-Grønne","Odsherred",943
"Ø. Enhedslisten - De Rød-Grønne","Ringsted",1018
"Ø. Enhedslisten - De Rød-Grønne","Slagelse",1640
"Ø. Enhedslisten - De Rød-Grønne","Sorø",715
"Ø. Enhedslisten - De Rød-Grønne","Stevns",839
"Ø. Enhedslisten - De Rød-Grønne","Vordingborg",1828
"Ø. Enhedslisten - De Rød-Grønne","Assens",764
"Ø. Enhedslisten - De Rød-Grønne","Faaborg-Midtfyn",1287
"Ø. Enhedslisten - De Rød-Grønne","Kerteminde",595
"Ø. Enhedslisten - De Rød-Grønne","Langeland",166
"Ø. Enhedslisten - De Rød-Grønne","Middelfart",969
"Ø. Enhedslisten - De Rød-Grønne","Nordfyns",287
"Ø. Enhedslisten - De Rød-Grønne","Nyborg",604
"Ø. Enhedslisten - De Rød-Grønne","Odense",6712
"Ø. Enhedslisten - De Rød-Grønne","Svendborg",3518
"Ø. Enhedslisten - De Rød-Grønne","Ærø",0
"Ø. Enhedslisten - De Rød-Grønne","Billund",0
"Ø. Enhedslisten - De Rød-Grønne","Esbjerg",1476
"Ø. Enhedslisten - De Rød-Grønne","Fanø",201
"Ø. Enhedslisten - De Rød-Grønne","Fredericia",1828
"Ø. Enhedslisten - De Rød-Grønne","Haderslev",1298
"Ø. Enhedslisten - De Rød-Grønne","Kolding",1460
"Ø. Enhedslisten - De Rød-Grønne","Sønderborg",847
"Ø. Enhedslisten - De Rød-Grønne","Tønder",282
"Ø. Enhedslisten - De Rød-Grønne","Varde",240
"Ø. Enhedslisten - De Rød-Grønne","Vejen",407
"Ø. Enhedslisten - De Rød-Grønne","Vejle",1447
"Ø. Enhedslisten - De Rød-Grønne","Aabenraa",523
"Ø. Enhedslisten - De Rød-Grønne","Favrskov",1254
"Ø. Enhedslisten - De Rød-Grønne","Hedensted",478
"Ø. Enhedslisten - De Rød-Grønne","Horsens",2629
"Ø. Enhedslisten - De Rød-Grønne","Norddjurs",1077
"Ø. Enhedslisten - De Rød-Grønne","Odder",1560
"Ø. Enhedslisten - De Rød-Grønne","Randers",1447
"Ø. Enhedslisten - De Rød-Grønne","Samsø",128
"Ø. Enhedslisten - De Rød-Grønne","Silkeborg",4174
"Ø. Enhedslisten - De Rød-Grønne","Skanderborg",1511
"Ø. Enhedslisten - De Rød-Grønne","Syddjurs",1529
"Ø. Enhedslisten - De Rød-Grønne","Aarhus",19044
"Ø. Enhedslisten - De Rød-Grønne","Herning",805
"Ø. Enhedslisten - De Rød-Grønne","Holstebro",703
"Ø. Enhedslisten - De Rød-Grønne","Ikast-Brande",375
"Ø. Enhedslisten - De Rød-Grønne","Lemvig",0
"Ø. Enhedslisten - De Rød-Grønne","Ringkøbing-Skjern",281
"Ø. Enhedslisten - De Rød-Grønne","Skive",417
"Ø. Enhedslisten - De Rød-Grønne","Struer",0
"Ø. Enhedslisten - De Rød-Grønne","Viborg",1573
"Ø. Enhedslisten - De Rød-Grønne","Brønderslev",496
"Ø. Enhedslisten - De Rød-Grønne","Frederikshavn",674
"Ø. Enhedslisten - De Rød-Grønne","Hjørring",891
"Ø. Enhedslisten - De Rød-Grønne","Jammerbugt",409
"Ø. Enhedslisten - De Rød-Grønne","Læsø",0
"Ø. Enhedslisten - De Rød-Grønne","Mariagerfjord",691
"Ø. Enhedslisten - De Rød-Grønne","Morsø",297
"Ø. Enhedslisten - De Rød-Grønne","Rebild",531
"Ø. Enhedslisten - De Rød-Grønne","Thisted",931
"Ø. Enhedslisten - De Rød-Grønne","Vesthimmerlands",244
"Ø. Enhedslisten - De Rød-Grønne","Aalborg",9428
"Å. Alternativet","København",8988
"Å. Alternativet","Frederiksberg",482
"Å. Alternativet","Dragør",0
"Å. Alternativet","Tårnby",0
"Å. Alternativet","Albertslund",217
"Å. Alternativet","Ballerup",0
"Å. Alternativet","Brøndby",0
"Å. Alternativet","Gentofte",0
"Å. Alternativet","Gladsaxe",0
"Å. Alternativet","Glostrup",0
"Å. Alternativet","Herlev",0
"Å. Alternativet","Hvidovre",0
"Å. Alternativet","Høje-Taastrup",208
"Å. Alternativet","Ishøj",0
"Å. Alternativet","Lyngby-Taarbæk",0
"Å. Alternativet","Rødovre",0
"Å. Alternativet","Vallensbæk",0
"Å. Alternativet","Allerød",0
"Å. Alternativet","Egedal",0
"Å. Alternativet","Fredensborg",209
"Å. Alternativet","Frederikssund",0
"Å. Alternativet","Furesø",354
"Å. Alternativet","Gribskov",165
"Å. Alternativet","Halsnæs",256
"Å. Alternativet","Helsingør",811
"Å. Alternativet","Hillerød",0
"Å. Alternativet","Hørsholm",0
"Å. Alternativet","Rudersdal",0
"Å. Alternativet","Bornholm",414
"Å. Alternativet","Christiansø",0
"Å. Alternativet","Greve",0
"Å. Alternativet","Køge",193
"Å. Alternativet","Lejre",0
"Å. Alternativet","Roskilde",211
"Å. Alternativet","Solrød",0
"Å. Alternativet","Faxe",0
"Å. Alternativet","Guldborgsund",118
"Å. Alternativet","Holbæk",0
"Å. Alternativet","Kalundborg",0
"Å. Alternativet","Lolland",0
"Å. Alternativet","Næstved",109
"Å. Alternativet","Odsherred",0
"Å. Alternativet","Ringsted",0
"Å. Alternativet","Slagelse",0
"Å. Alternativet","Sorø",0
"Å. Alternativet","Stevns",0
"Å. Alternativet","Vordingborg",240
"Å. Alternativet","Assens",158
"Å. Alternativet","Faaborg-Midtfyn",0
"Å. Alternativet","Kerteminde",0
"Å. Alternativet","Langeland",0
"Å. Alternativet","Middelfart",0
"Å. Alternativet","Nordfyns",0
"Å. Alternativet","Nyborg",0
"Å. Alternativet","Odense",385
"Å. Alternativet","Svendborg",377
"Å. Alternativet","Ærø",0
"Å. Alternativet","Billund",0
"Å. Alternativet","Esbjerg",0
"Å. Alternativet","Fanø",79
"Å. Alternativet","Fredericia",304
"Å. Alternativet","Haderslev",370
"Å. Alternativet","Kolding",0
"Å. Alternativet","Sønderborg",0
"Å. Alternativet","Tønder",78
"Å. Alternativet","Varde",0
"Å. Alternativet","Vejen",0
"Å. Alternativet","Vejle",421
"Å. Alternativet","Aabenraa",160
"Å. Alternativet","Favrskov",0
"Å. Alternativet","Hedensted",56
"Å. Alternativet","Horsens",0
"Å. Alternativet","Norddjurs",0
"Å. Alternativet","Odder",0
"Å. Alternativet","Randers",0
"Å. Alternativet","Samsø",0
"Å. Alternativet","Silkeborg",408
"Å. Alternativet","Skanderborg",808
"Å. Alternativet","Syddjurs",666
"Å. Alternativet","Aarhus",2523
"Å. Alternativet","Herning",0
"Å. Alternativet","Holstebro",79
"Å. Alternativet","Ikast-Brande",0
"Å. Alternativet","Lemvig",0
"Å. Alternativet","Ringkøbing-Skjern",0
"Å. Alternativet","Skive",0
"Å. Alternativet","Struer",0
"Å. Alternativet","Viborg",939
"Å. Alternativet","Brønderslev",0
"Å. Alternativet","Frederikshavn",0
"Å. Alternativet","Hjørring",85
"Å. Alternativet","Jammerbugt",103
"Å. Alternativet","Læsø",0
"Å. Alternativet","Mariagerfjord",0
"Å. Alternativet","Morsø",0
"Å. Alternativet","Rebild",0
"Å. Alternativet","Thisted",577
"Å. Alternativet","Vesthimmerlands",0
"Å. Alternativet","Aalborg",364
